,Start,End,P(CPG),P(nonCPG),CPG Potential,stat
0,0,28735,2.439026957355728473079950845E-34397,2.235757739072755150855262918E-34434,2.439026957355728473079950845E-34397,false postive
1,28735,29810,4.060707619924415092493135961E-1279,2.968973701132627470462468440E-1306,4.060707619924415092493135958E-1279,true postive
2,29810,135124,1.355705096494015592188584460E-127893,5.735965263603277778741008321E-126573,-5.735965263603277778741008321E-126573,true negative
3,135124,135563,9.881652490412208050738613729E-516,4.755085931787329884867529989E-523,9.881652014903614872005625242E-516,true postive
4,135563,327790,1.444756989318990042597477347E-232581,8.368812807288776383529668496E-232024,-8.368812807288776383529668496E-232024,true negative
5,327790,328229,1.850326885539453120182464989E-515,1.798748426468725868639284428E-522,1.850326705664610473309878125E-515,true postive
6,328229,437151,3.380892358374429606630166588E-132125,8.691532913974950164612810028E-130848,-8.691532913974950164612810028E-130848,true negative
7,437151,438164,6.339234253214874432022089152E-1187,1.698523354751310663067915120E-1209,6.339234253214874432021919300E-1187,true postive
8,438164,449273,2.809934306524860182143070639E-13256,8.072105483585070995815573846E-13229,-8.072105483585070995815573843E-13229,true negative
9,449273,450544,8.026257639186303603228815792E-1508,1.333265353584392556269626118E-1522,8.026257639186290270575279948E-1508,true postive
10,450544,533219,1.181576890521578776908832597E-100072,8.928071638036743158985401696E-99955,-8.928071638036743158985401696E-99955,true negative
11,533219,534114,1.911006525207603062232263251E-1065,2.709681357494046035321133656E-1080,1.911006525207600352550905757E-1065,true postive
12,534114,544738,6.309090805656452319128508620E-12667,3.132014904694264744815941594E-12644,-3.132014904694264744815878503E-12644,true negative
13,544738,546649,9.826989079344069219184527991E-2238,5.179740649932684647983004245E-2284,9.826989079344069219184527991E-2238,true postive
14,546649,713984,1.453427275122212933789346692E-202119,1.641276356911320866120457562E-200464,-1.641276356911320866120457562E-200464,true negative
15,713984,714547,8.139289418486543295906016850E-671,7.350112052341059604894791557E-683,8.139289418479193183853675790E-671,true postive
16,714547,762416,4.328588991289237897496098169E-57950,9.797357858575348854767325332E-57441,-9.797357858575348854767325332E-57441,true negative
17,762416,763445,3.622613609888319768673115579E-1232,1.547091429233393680157708280E-1257,3.622613609888319768673115424E-1232,true postive
18,763445,788863,2.271323882694823420239225768E-30531,1.391381746829731731740823739E-30358,-1.391381746829731731740823739E-30358,true negative
19,788863,789211,2.945386933466890716365131560E-421,1.486562732752450839821043804E-423,2.930521306139366207966921122E-421,true postive
20,789211,801975,1.371956813918657940230937965E-15304,1.112681785811925166384057586E-15233,-1.112681785811925166384057586E-15233,true negative
21,801975,802338,3.067848144867918798350627832E-428,3.708707472128024563184905943E-433,3.067811057793197518104995983E-428,true postive
22,802338,805198,4.904536577128726831828198848E-3446,2.705573680665043998597459222E-3420,-2.705573680665043998597459173E-3420,true negative
23,805198,805628,1.098505462590200719868170548E-511,3.297280946436743685046731031E-523,1.098505462586903438921733804E-511,true postive
24,805628,839694,2.362284039229823699167847754E-41048,3.890232688103575709753021471E-40809,-3.890232688103575709753021471E-40809,true negative
25,839694,840619,5.683358510495893763507287485E-1107,1.180717697769254848777112028E-1133,5.683358510495893763507287473E-1107,true postive
26,840619,844299,2.435405091437514534854860458E-4339,1.536924521332583395162447674E-4356,2.435405091437514519485615245E-4339,false postive
27,844299,845883,9.738487102019328350317801978E-1896,9.365105135434199244701124329E-1936,9.738487102019328350317801978E-1896,true postive
28,845883,854765,1.268314209108660068472535935E-10453,3.609910307456782968863725925E-10504,1.268314209108660068472535935E-10453,false postive
29,854765,854973,6.013713879220321506530145119E-245,2.163588747653328188453162560E-248,6.011550290472668178341691956E-245,true postive
30,854973,858970,2.687271612187772328161053006E-4687,2.538760954418268337129066401E-4717,2.687271612187772328161053006E-4687,false postive
31,858970,861632,2.845673595672686246882255530E-3176,2.230523347616258268671650460E-3254,2.845673595672686246882255530E-3176,true postive
32,861632,869332,1.462792463335513215585826316E-9045,2.317546512994075237142854299E-9109,1.462792463335513215585826316E-9045,false postive
33,869332,871872,1.277111610530410904118592364E-3002,2.225391817730174111226106776E-3049,1.277111610530410904118592364E-3002,true postive
34,871872,875730,1.862657392003804272386475580E-4525,1.743320708703489734227305301E-4568,1.862657392003804272386475580E-4525,false postive
35,875730,878363,1.792368454376591057401663969E-3120,2.138003848890661648367970325E-3185,1.792368454376591057401663969E-3120,true postive
36,878363,886356,5.186933042834189431941923413E-9402,4.100542876183360621591942316E-9447,5.186933042834189431941923413E-9402,false postive
37,886356,886602,2.845233505701346253827424908E-289,4.912575749618011884432451094E-293,2.844742248126384452638981663E-289,true postive
38,886602,894313,6.239692156934754239871778658E-9096,9.978538614187887274292225602E-9134,6.239692156934754239871778658E-9096,false postive
39,894313,902654,2.964867442771976295195712701E-9877,4.793796848210897384992471441E-10033,2.964867442771976295195712701E-9877,true postive
40,902654,906296,1.681926860952932970420907464E-4306,8.254416641744455795195364641E-4320,1.681926860952850426254490019E-4306,false postive
41,906296,906538,1.845246332667887788577100211E-286,6.432989461050132793088965616E-292,1.845239899678426738444307122E-286,true postive
42,906538,912869,1.170912743263829158897777269E-7440,4.299784709222175216320914321E-7522,1.170912743263829158897777269E-7440,false postive
43,912869,913153,1.398063998865148303300316506E-338,3.515156692497069778268704795E-346,1.398063963713581378329618723E-338,true postive
44,913153,919726,1.672304062303833480986650173E-7746,6.003265749789940194497682349E-7823,1.672304062303833480986650173E-7746,false postive
45,919726,919927,2.460110545224597921315990493E-237,5.126798780999664998483473046E-241,2.459597865346497954816142146E-237,true postive
46,919927,933387,5.624501021335983936324842507E-16070,4.872547533796028290255765196E-16056,-4.872547533795972045245551836E-16056,true negative
47,933387,937410,2.702061968985306814959777674E-4793,2.811470997462059699516700328E-4896,2.702061968985306814959777674E-4793,true postive
48,937410,948670,1.721003201973455111939178233E-13414,5.240592768858182763241562900E-13435,1.721003201973455111933937640E-13414,false postive
49,948670,948894,3.198098010473174040307481214E-268,2.268155778720634020305418579E-271,3.195829854694453406287175795E-268,true postive
50,948894,949329,1.669813455170010970835679451E-507,5.345518976241585645703072464E-511,1.669278903272386812271109144E-507,false postive
51,949329,949851,1.864321849807724554620344259E-614,3.221325536038671238996851393E-622,1.864321817594469194233631869E-614,true postive
52,949851,954768,5.286310420977375212428470027E-5828,7.710650947043218997813713799E-5851,5.286310420977375212428392920E-5828,false postive
53,954768,956343,1.039629185543624008259627296E-1875,5.596980963921723015151915584E-1928,1.039629185543624008259627296E-1875,true postive
54,956343,963795,4.178961501831645046502015819E-8725,1.267703353044902174034979229E-8800,4.178961501831645046502015819E-8725,false postive
55,963795,964507,1.191872624136462486309365860E-840,6.574122682872536961702886129E-855,1.191872624136455912186682987E-840,true postive
56,964507,967966,3.948723235049261901288826476E-4039,2.207979172757210110626384246E-4047,3.948723212969470173716725370E-4039,false postive
57,967966,970238,3.019114352168812914526247014E-2687,5.723714749692204942226683637E-2744,3.019114352168812914526247014E-2687,true postive
58,970238,975496,2.032480338788710222385554978E-6159,2.650788753642907994901481187E-6197,2.032480338788710222385554978E-6159,false postive
59,975496,980305,2.734559662636078432960730672E-5676,9.562565936595645229213589953E-5769,2.734559662636078432960730672E-5676,true postive
60,980305,981068,5.024474997273819917496000558E-894,1.874726283784529735429721972E-902,5.024474978526557079650703204E-894,false postive
61,981068,981400,6.860852773790342782540650079E-393,1.194393168992490057321796250E-398,6.860840829858652857640076861E-393,true postive
62,981400,982152,3.514930707366695363287018336E-880,2.649125405489391963128721833E-889,3.514930704717569957797626373E-880,false postive
63,982152,982511,1.670209731805149846056878880E-422,5.600029992269442799511779459E-429,1.670209171802150619112598929E-422,true postive
64,982511,983174,2.071103707308514460922826498E-777,9.593011572360142627545452750E-784,2.071102748007357224908563743E-777,false postive
65,983174,983612,2.720819052327116890327632948E-516,1.875756382905640474375726123E-524,2.720819033569553061271228204E-516,true postive
66,983612,984206,9.540492311176271294854121921E-704,4.294753550719928003432212688E-709,9.540449363640764095574087599E-704,false postive
67,984206,984429,1.747708175988642746394008352E-263,5.349672607488402851326638166E-268,1.747654679262567862365495086E-263,true postive
68,984429,990274,4.207440734437757062149015411E-6892,1.458003570999392205671138411E-6964,4.207440734437757062149015411E-6892,false postive
69,990274,990694,5.626544121413075775518561111E-497,2.296805225698334628249191049E-503,5.626541824607850077183932862E-497,true postive
70,990694,994436,8.570162890943851999534444831E-4416,1.315709520194866021100575672E-4440,8.570162890943851999534443515E-4416,false postive
71,994436,995303,1.699364036819272854120204194E-1030,3.568295229841281916902743873E-1055,1.699364036819272854120203837E-1030,true postive
72,995303,999678,4.653209798157092401524587328E-5150,4.160440176728161797630451989E-5189,4.653209798157092401524587328E-5150,false postive
73,999678,999911,9.946722797585758017619989822E-275,1.067193418835628286241362595E-279,9.946616078243874454791365686E-275,true postive
74,999911,1002663,4.027172364668902595635720929E-3255,1.502494714114777642082734761E-3275,4.027172364668902595620695982E-3255,false postive
75,1002663,1005318,1.490259392668601525985415646E-3142,2.604042010902521769319092204E-3199,1.490259392668601525985415646E-3142,true postive
76,1005318,1011509,2.106679869916751496054633159E-7252,1.869943200687387164324851776E-7319,2.106679869916751496054633159E-7252,false postive
77,1011509,1013402,1.400357951405535983081046283E-2236,1.081690619663113833307558366E-2271,1.400357951405535983081046283E-2236,true postive
78,1013402,1016863,1.628701575660062352046506933E-4060,1.066742251373676935857604800E-4108,1.628701575660062352046506933E-4060,false postive
79,1016863,1017439,9.226902136333620440890160914E-681,1.219467879632682777535724042E-690,9.226902135114152561257478136E-681,true postive
80,1017439,1018099,1.116629989170890843427694219E-773,9.004585203760464473634522426E-781,1.116629899125038805823049483E-773,false postive
81,1018099,1018390,1.467465087145675937915538837E-346,3.843252716063067756319851792E-353,1.467464702820404331608763205E-346,true postive
82,1018390,1019818,2.239094158107416292827329240E-1681,1.382498023502742184712647220E-1696,2.239094158107414910329305737E-1681,false postive
83,1019818,1020026,2.326784935559695085393954908E-243,3.850138479327577489917068322E-247,2.326399921711762327644963201E-243,true postive
84,1020026,1023143,1.507894786550027747585959509E-3650,2.207248166712117197476714340E-3688,1.507894786550027747585959509E-3650,false postive
85,1023143,1023347,2.248553580386228891462226989E-241,2.027612691928539960678906663E-245,2.248350819117036037466159098E-241,true postive
86,1023347,1024075,4.939558247983414377656118063E-855,1.047949041411411043892601067E-863,4.939558237503923963542007624E-855,false postive
87,1024075,1024614,5.398084729402341127072512952E-637,9.809453788935692254122893300E-647,5.398084728421395748178943727E-637,true postive
88,1024614,1026377,1.197333085714992132422639897E-2057,1.650791558890657093403669107E-2075,1.197333085714992130771848338E-2057,false postive
89,1026377,1026625,1.565024590547557378505140800E-292,1.804614583009655177272649508E-297,1.565006544401727281953368074E-292,true postive
90,1026625,1027509,7.654403114751196286713794843E-1034,9.704990550979552000710273736E-1044,7.654403113780697231615839643E-1034,false postive
91,1027509,1027730,5.268381947505588410065380173E-261,1.078673680400726531918267635E-265,5.268274080137548337412188346E-261,true postive
92,1027730,1046044,4.032064958031177993904823469E-21989,5.915278149354016128756155328E-21899,-5.915278149354016128756155328E-21899,true negative
93,1046044,1046340,4.176377901705774809699387789E-352,7.256147284751739183264527392E-356,4.175652286977299635781061336E-352,true postive
94,1046340,1050515,4.737103603806602765021863316E-4982,5.988395792509934173218827725E-4986,4.736504764227351771604541433E-4982,false postive
95,1050515,1050830,5.936550387310396277603426166E-382,6.523002477916010533331820904E-386,5.935898087062604676550092984E-382,true postive
96,1050830,1051178,3.890535502804064722970664911E-407,2.602304223417788999551467482E-413,3.890532900499841305181665360E-407,false postive
97,1051178,1052445,2.449427203426595323907025246E-1518,2.042070281160636127197292753E-1554,2.449427203426595323907025246E-1518,true postive
98,1052445,1072369,9.493475492949740479303253546E-23559,6.149360681983795832986469375E-23705,9.493475492949740479303253546E-23559,false postive
99,1072369,1072847,1.052304356624081287807295287E-568,7.215779399798462684049125535E-583,1.052304356624074072027895489E-568,true postive
100,1072847,1093211,2.005736471649951018047216847E-24028,7.724228338221267770206647422E-24192,2.005736471649951018047216847E-24028,false postive
101,1093211,1093476,6.585047690765759987731536602E-313,5.950970013394296002721788470E-320,6.585047095668758648301936330E-313,true postive
102,1093476,1098043,7.261318386852649597898191791E-5363,1.454729103738547465653914462E-5412,7.261318386852649597898191791E-5363,false postive
103,1098043,1100584,2.348868687936822449033107637E-3023,2.275042268326900414393520482E-3061,2.348868687936822449033107637E-3023,true postive
104,1100584,1109314,2.426228926714888840435524951E-10258,1.934903559918638745040355040E-10356,2.426228926714888840435524951E-10258,false postive
105,1109314,1110145,2.636575718364320257057001614E-990,3.308159764738101886402665647E-1001,2.636575718331238659409620595E-990,true postive
106,1110145,1115574,1.241715324692820228656506419E-6384,1.550226654932851915835314372E-6425,1.241715324692820228656506419E-6384,false postive
107,1115574,1116006,1.565228080430878201709265698E-509,1.122278279392281757129821072E-517,1.565228069208095407786448127E-509,true postive
108,1116006,1132827,3.068705101374614680155337031E-20119,3.650700555010329390934020352E-20098,-3.650700555010329390930951647E-20098,true negative
109,1132827,1133218,3.086827629816437689943338987E-461,2.789721649044428525575063195E-471,3.086827629537465525038896134E-461,true postive
110,1133218,1136360,2.353799181958896021457234449E-3676,3.759680479877295133805835244E-3710,2.353799181958896021457234449E-3676,false postive
111,1136360,1137156,4.366354553051322457195548312E-949,1.308845176015091048284855172E-974,4.366354553051322457195548181E-949,true postive
112,1137156,1141670,3.191642212066252344123659128E-5268,6.378300209277320242646808687E-5325,3.191642212066252344123659128E-5268,false postive
113,1141670,1142150,8.661644320098262755381093094E-574,1.530406785953666335355331984E-585,8.661644320082958687521556431E-574,true postive
114,1142150,1145568,2.309682399399646403399787386E-4032,1.160356056143307772574131998E-4063,2.309682399399646403399787386E-4032,false postive
115,1145568,1145878,9.418485574274271934746260359E-366,3.003711225635155864042404663E-371,9.418455537162015583187619935E-366,true postive
116,1145878,1146708,9.007234145323951296847375875E-971,1.257046036590989207333006579E-978,9.007234019619347637748455142E-971,false postive
117,1146708,1146914,2.692969368738578359465064356E-243,4.506795298929648460730158327E-247,2.692518689208685394618991340E-243,true postive
118,1146914,1149055,1.895909214663465621787152201E-2494,4.230061702352629800315783202E-2525,1.895909214663465621787152201E-2494,false postive
119,1149055,1149524,1.258435647817289281581332280E-550,7.471287127766091394339717822E-561,1.258435647742576410303671366E-550,true postive
120,1149524,1152522,7.469724622590401618565877418E-3532,6.455662189063942677539741532E-3550,7.469724622590401612110215229E-3532,false postive
121,1152522,1153134,7.859541161344785608006714584E-732,6.391399281141899886799738666E-748,7.859541161344784968866786470E-732,true postive
122,1153134,1153784,2.596676530314214227124936475E-766,2.613736259100909973259392988E-771,2.596650392951623218025203881E-766,false postive
123,1153784,1154419,2.510195928524573510041831389E-750,1.687757832598042519661840343E-759,2.510195926836815677443788869E-750,true postive
124,1154419,1159168,7.809328717515953677766570046E-5611,2.913140037408715474864034658E-5648,7.809328717515953677766570046E-5611,false postive
125,1159168,1159528,1.029213763869369239850521605E-425,1.438738035095492794266098180E-431,1.029212325131334144357727339E-425,true postive
126,1159528,1161959,1.687550882572384909861900684E-2876,3.185825790202020970682355755E-2889,1.687550882572066327282880482E-2876,false postive
127,1161959,1162281,1.026740327006231156574814462E-381,9.850507108807852015615197817E-387,1.026730476499122348722798847E-381,true postive
128,1162281,1163502,1.945334486750331509802602969E-1427,1.467210008432554000734728325E-1445,1.945334486750331508335392961E-1427,false postive
129,1163502,1163895,7.328766124859414387793616025E-463,5.372494244615106411161391111E-471,7.328766071134471941642551913E-463,true postive
130,1163895,1167001,2.374358375150792083860554371E-3691,1.751100316391820526205329734E-3701,2.374358374975682052221372318E-3691,false postive
131,1167001,1168985,4.188548333421188806851877146E-2373,2.886243924574733633323174719E-2436,4.188548333421188806851877146E-2373,true postive
132,1168985,1173915,2.173501284139361249863893855E-5813,1.352023066103515391367033492E-5856,2.173501284139361249863893855E-5813,false postive
133,1173915,1174263,1.458766126333935111306567199E-407,8.736358515233248230457870710E-415,1.458766038970349958974084894E-407,true postive
134,1174263,1177885,9.288127540730876349432626352E-4236,4.482814602953218574648656299E-4280,9.288127540730876349432626352E-4236,false postive
135,1177885,1178207,6.847976601694333051037541926E-379,2.672620027955747615035241444E-385,6.847973929074305095289926891E-379,true postive
136,1178207,1181756,2.464917559130278087830490100E-4147,1.513045634461979157730717803E-4195,2.464917559130278087830490100E-4147,false postive
137,1181756,1182470,3.921524568548505743782009345E-847,3.912872574626496030234561705E-869,3.921524568548505743781618058E-847,true postive
138,1182470,1189396,4.640583677681245747689421346E-8193,1.852461982357513724295103414E-8235,4.640583677681245747689421346E-8193,false postive
139,1189396,1190245,6.001272634200620801386437566E-1008,1.943366018015018348862617082E-1022,6.001272634200601367726257416E-1008,true postive
140,1190245,1190522,1.019282917500324680897879062E-329,4.243071004018208570694021344E-329,-3.223788086517883889796142282E-329,true negative
141,1190522,1190799,1.455137269313263755153525488E-329,2.430402309960842961194823436E-334,1.455112965290164146723913540E-329,true postive
142,1190799,1203166,1.249547494824279131948665455E-14694,7.758200322226232765826870626E-14718,1.249547494824279131948657697E-14694,false postive
143,1203166,1203597,1.768222614029136255957891715E-510,2.935961263489667144755845145E-516,1.768219678067872766290746959E-510,true postive
144,1203597,1208515,2.126259460487547496524577298E-5822,4.927283697465073970616629543E-5831,2.126259455560263799059503327E-5822,false postive
145,1208515,1209942,8.506558912518044520535808615E-1699,3.653121604263448406743229760E-1737,8.506558912518044520535808615E-1699,true postive
146,1209942,1228780,1.129127105437539133150494384E-22284,2.501672768422033515843760797E-22443,1.129127105437539133150494384E-22284,false postive
147,1228780,1230163,1.018582557456484741059882839E-1637,1.153863011419375530493790001E-1673,1.018582557456484741059882839E-1637,true postive
148,1230163,1242400,4.017619030406350707579743200E-14333,1.491120916051213826604025106E-14470,4.017619030406350707579743200E-14333,false postive
149,1242400,1245185,4.129019276076864042006606221E-3327,1.909140230662517676311446511E-3401,4.129019276076864042006606221E-3327,true postive
150,1245185,1247918,2.279323947581132284165692216E-3199,2.600786884582811501331782569E-3224,2.279323947581132284165691956E-3199,false postive
151,1247918,1248493,2.492254263349571115717035037E-676,2.642067535512171954142424554E-686,2.492254263085364362165817842E-676,true postive
152,1248493,1254322,1.648909158271132647832318189E-6918,1.275917404663873768939187466E-6938,1.648909158271132647819559015E-6918,false postive
153,1254322,1254548,9.176216333713695723398171888E-267,9.837405543814240404461650058E-271,9.175232593159314299357725723E-267,true postive
154,1254548,1259643,5.693776152670916930567385868E-5974,1.569849330258754408011266044E-6012,5.693776152670916930567385868E-5974,false postive
155,1259643,1260635,3.197534256349863175253096026E-1181,7.498064057795718295564809676E-1210,3.197534256349863175253096026E-1181,true postive
156,1260635,1262665,1.146636923701045007252101671E-2379,3.692388683185195666501269464E-2391,1.146636923697352618568916475E-2379,false postive
157,1262665,1263420,4.250300872245244716104790895E-891,2.777687538627401518168350178E-906,4.250300872245241938417252268E-891,true postive
158,1263420,1265206,2.751891222362797644464692827E-2094,9.376049296678104092664988108E-2110,2.751891222362796706859763159E-2094,false postive
159,1265206,1265429,1.136308285836476501585592153E-268,7.320914936810771027795810343E-271,1.128987370899665730557796343E-268,true postive
160,1265429,1267085,1.348267798289479005453917064E-1936,1.912357259816223644154045425E-1953,1.348267798289478986330344466E-1936,false postive
161,1267085,1267286,1.335849797637233893891138164E-237,8.198119606529989013664028221E-241,1.335029985676580894989771761E-237,true postive
162,1267286,1267435,4.009206410014714640998919903E-173,1.926835234385452374501156274E-174,3.816522886576169403548804276E-173,false postive
163,1267435,1268986,8.722451096957722625346662095E-1827,3.557611175810645316519187700E-1854,8.722451096957722625346662091E-1827,true postive
164,1268986,1271425,4.132535423622478415469400037E-2856,1.272994938403360969939664511E-2881,4.132535423622478415469399910E-2856,false postive
165,1271425,1272074,1.490454969357889272179568530E-764,3.958801661423412851193538951E-778,1.490454969357849684162954296E-764,true postive
166,1272074,1272377,5.272221560391228285720846344E-352,1.271245435559785670795352595E-356,5.272094435847672307153766809E-352,false postive
167,1272377,1272634,1.709376467019522784140803152E-304,7.325179248825116589607922139E-309,1.709303215227034532974907073E-304,true postive
168,1272634,1283933,6.310051641287446680306864949E-13232,2.037279854744184363623538466E-13352,6.310051641287446680306864949E-13232,false postive
169,1283933,1285345,3.076166893356698877150282657E-1696,1.541912929393490390546554067E-1747,3.076166893356698877150282657E-1696,true postive
170,1285345,1289707,7.460197208426923344619237071E-5114,4.241567752633176828341329093E-5175,7.460197208426923344619237071E-5114,false postive
171,1289707,1291126,3.427348613428244019501205102E-1693,5.357977446785651877101169095E-1734,3.427348613428244019501205102E-1693,true postive
172,1291126,1309140,2.417461758820711324610024283E-21342,3.702006767365111004520199100E-21396,2.417461758820711324610024283E-21342,false postive
173,1309140,1311039,1.749095572483317051393618715E-2264,1.958906315102974594693682752E-2298,1.749095572483317051393618715E-2264,true postive
174,1311039,1322644,1.272342750864765951131029438E-13803,3.516506049058498534790289724E-13815,1.272342750861249445081970939E-13803,false postive
175,1322644,1322924,2.124091776097682597075706092E-336,5.122088980443651069880697026E-340,2.123579567199638231968718022E-336,true postive
176,1322924,1334071,4.159374802646089678416234322E-13315,8.084967275740939614483878769E-13288,-8.084967275740939614483878765E-13288,true negative
177,1334071,1335602,1.974363692654778404477254113E-1832,1.204010275393769856128925976E-1865,1.974363692654778404477254113E-1832,true postive
178,1335602,1342004,5.689319149713348078629055523E-7607,8.441902231110954356519784777E-7607,-2.752583081397606277890729254E-7607,true negative
179,1342004,1342952,2.606517381630815131464577358E-1135,1.704655989365448722555501933E-1155,2.606517381630815131447530798E-1135,true postive
180,1342952,1355159,1.207933040627098671394288722E-14690,3.377634584581947150095482675E-14655,-3.377634584581947150095482675E-14655,true negative
181,1355159,1356000,1.136003784219670890602121001E-995,5.023348957807917359585159702E-1024,1.136003784219670890602121001E-995,true postive
182,1356000,1361560,3.693567908158420012717552249E-6576,1.015777178962520929737875271E-6601,3.693567908158420012717552147E-6576,false postive
183,1361560,1361787,5.024549320059506776598872772E-266,1.181469937334211795023652023E-271,5.024537505360133434480922535E-266,true postive
184,1361787,1362954,2.961049717794038524974493675E-1368,5.294718108731003420168342450E-1384,2.961049717794037995502682802E-1368,false postive
185,1362954,1363299,1.820001551802034737222843512E-413,8.233962613146853410173735926E-426,1.820001551801211340961528827E-413,true postive
186,1363299,1370767,5.683951593813722125385313937E-8794,5.608761877837179156984407686E-8853,5.683951593813722125385313937E-8794,false postive
187,1370767,1371449,2.829175488960847849414711896E-813,3.371764028616228991358730379E-837,2.829175488960847849414708524E-813,true postive
188,1371449,1374461,3.695107132306671591629659254E-3524,9.705167317789107898936919050E-3552,3.695107132306671591629659253E-3524,false postive
189,1374461,1375584,1.800494687736676741975186995E-1333,1.573694379901665257340327554E-1365,1.800494687736676741975186995E-1333,true postive
190,1375584,1389555,1.718463114778755030554878951E-16604,1.047254377000054683211101309E-16643,1.718463114778755030554878951E-16604,false postive
191,1389555,1389889,2.581859136012526663251707795E-394,1.307523149456172235201922825E-400,2.581857828489377207079472593E-394,true postive
192,1389889,1396085,1.002137518971075477607640522E-7336,1.379424597488487924072491350E-7377,1.002137518971075477607640522E-7336,false postive
193,1396085,1396338,6.533302757419333704576397407E-301,1.424672469098138658066705299E-304,6.531878084950235565918330702E-301,true postive
194,1396338,1406844,1.622723457391399403932143512E-12484,9.324745794688766759595835812E-12499,1.622723457391390079186348823E-12484,false postive
195,1406844,1407821,5.674186251338388931700868812E-1173,6.396128549065732482459410855E-1202,5.674186251338388931700868812E-1173,true postive
196,1407821,1414034,5.617974860456086540181031363E-7400,2.856194723405215255545445822E-7428,5.617974860456086540181031363E-7400,false postive
197,1414034,1414532,3.198935386239520897240087841E-587,2.294379056780172293549212937E-596,3.198935383945141840459915547E-587,true postive
198,1414532,1417285,3.233545190137751048160964140E-3253,1.522731689735188982634131858E-3272,3.233545190137751048008690971E-3253,false postive
199,1417285,1417753,3.866946044324133854039177105E-553,1.010687398648567938991716085E-562,3.866946043313446455390609166E-553,true postive
200,1417753,1420226,5.584888456288587621315219684E-2945,9.392280638593204602914583500E-2951,5.584879064007949028110616769E-2945,false postive
201,1420226,1420684,6.088462008284335943635449086E-540,4.432169038252479629545332858E-548,6.088461963962645561110652791E-540,true postive
202,1420684,1444588,3.091831187746350065423747906E-28431,2.968505553675253829603180449E-28506,3.091831187746350065423747906E-28431,false postive
203,1444588,1444849,1.308281349904441141649231175E-309,1.499185434036799153033444667E-313,1.308131431361037461733927831E-309,true postive
204,1444849,1446878,3.869785214051507604517964985E-2426,1.858888267132191564076439119E-2427,3.683896387338288448110321073E-2426,false postive
205,1446878,1448205,1.740666186055087260092383356E-1587,4.733710359851667125370071977E-1626,1.740666186055087260092383356E-1587,true postive
206,1448205,1452701,1.409576615248420929020293364E-5340,2.178545585639200467626746174E-5360,1.409576615248420928998507908E-5340,false postive
207,1452701,1453199,3.198935386239520897240087841E-587,2.294379056780172293549212937E-596,3.198935383945141840459915547E-587,true postive
208,1453199,1455302,8.173104485494316771783493750E-2490,1.014444359160753784741667647E-2503,8.173104485494215327347577675E-2490,false postive
209,1455302,1455892,4.880596655825961547633115965E-695,2.473587083799257362282362588E-706,4.880596655801225676795123391E-695,true postive
210,1455892,1456829,2.252821501406170171470130431E-1115,2.386964430266699105772868024E-1116,2.014125058379500260892843629E-1115,false postive
211,1456829,1457074,3.731834076779958623269704918E-289,5.290820101106202864321198146E-293,3.731304994769848002983272798E-289,true postive
212,1457074,1457954,1.643606805247365558288539144E-1050,5.003805988481127508610330476E-1049,-4.839445307956390952781476562E-1049,true negative
213,1457954,1459029,5.555712083911355642817773809E-1273,9.793836076547336617175497295E-1291,5.555712083911355633023937732E-1273,true postive
214,1459029,1464508,5.338367610431525278051979975E-6462,1.363565057217260719644093338E-6507,5.338367610431525278051979975E-6462,false postive
215,1464508,1464806,2.847802626698534421313776438E-351,1.651111647671994525297849087E-356,2.847786115582057701368523460E-351,true postive
216,1464806,1470604,7.615214647580944171429551037E-6862,1.287338255837992984654445753E-6891,7.615214647580944171429551037E-6862,false postive
217,1470604,1471450,1.417703753026188485962499095E-1001,4.314357117818559797540551088E-1019,1.417703753026188481648141977E-1001,true postive
218,1471450,1473107,3.324473867776623617280615706E-1941,2.521570442520294361044921649E-1958,3.324473867776623592064911281E-1941,false postive
219,1473107,1473342,2.510878296030646189738831326E-282,3.483460313687710327952781357E-285,2.507394835716958479410878545E-282,true postive
220,1473342,1474962,1.342808577936574450250757635E-1913,4.270933596477522570877591131E-1926,1.342808577936147356891109883E-1913,false postive
221,1474962,1475220,3.908687227356154503593186978E-308,2.243300091979181214516070335E-314,3.908684984056062524411972462E-308,true postive
222,1475220,1476093,6.756815687931655443109788430E-1037,6.847262144216101076290607712E-1065,6.756815687931655443109788429E-1037,false postive
223,1476093,1476669,4.455365978342664743969771253E-682,6.940322726898567876498819562E-696,4.455365978342595340742502267E-682,true postive
224,1476669,1489532,2.710295862007960389947429029E-15223,1.032602066520245174215860622E-15282,2.710295862007960389947429029E-15223,false postive
225,1489532,1489794,3.000373082788117068934840564E-312,2.563466708210617283148976296E-317,3.000347448121034962762009074E-312,true postive
226,1489794,1496761,2.407807836167219147148694987E-8294,9.098635526468846033535780627E-8291,-9.096227718632678814388631932E-8291,true negative
227,1496761,1496986,6.198354956521884959789724329E-270,7.947921086696149219573247701E-272,6.118875745654923467593991852E-270,true postive
228,1496986,1509482,8.945573980793770959801713900E-14973,1.502141303475639193710690118E-14950,-1.502141303475639193710600662E-14950,true negative
229,1509482,1510747,5.992104312682522808968561065E-1522,2.237941886458846188097594726E-1554,5.992104312682522808968561065E-1522,true postive
230,1510747,1534331,1.835329338834254082813145195E-28064,1.055710526851897357005158451E-28062,-1.037357233463554816177026999E-28062,true negative
231,1534331,1536136,2.340193556096133344436613055E-2150,8.720350503353319486370255841E-2205,2.340193556096133344436613055E-2150,true postive
232,1536136,1550453,7.588570625814706031769540899E-16976,4.132816366337868165320837745E-17005,7.588570625814706031769540899E-16976,false postive
233,1550453,1552015,6.343824752902818564375900749E-1862,3.760800858073402936264628361E-1907,6.343824752902818564375900749E-1862,true postive
234,1552015,1558587,3.735008656142487352841833376E-7717,1.022295730752631683176702421E-7765,3.735008656142487352841833376E-7717,false postive
235,1558587,1559359,2.050947690748612258945845033E-913,1.302697174219654018825064545E-930,2.050947690748612245918873291E-913,true postive
236,1559359,1560780,1.101875840142117166888959265E-1660,5.842112759707107056461216667E-1676,1.101875840142116582677683294E-1660,false postive
237,1560780,1561055,3.899093944993270488376409897E-326,2.171033702410063247883055366E-332,3.899091773959568078313162014E-326,true postive
238,1561055,1562049,2.491848762396543748217772108E-1160,1.178018710272528654834522738E-1170,2.491848762278741877190519243E-1160,false postive
239,1562049,1562398,6.721151637715527760876793685E-413,8.656150977686013134194205049E-420,6.721150772100429992275480266E-413,true postive
240,1562398,1563674,2.734258795037094978181717719E-1490,2.117627956653422587176096954E-1510,2.734258795037094978160541439E-1490,false postive
241,1563674,1564032,1.411864822790175689458084597E-422,2.280839623558352996956685515E-430,1.411864799981779453874554627E-422,true postive
242,1564032,1564421,3.770409683101145034924215886E-453,5.584274174779566941563945716E-457,3.769851255683667078230059491E-453,false postive
243,1564421,1570006,1.564129330822116995536698238E-6604,4.487835006123321490830907760E-6732,1.564129330822116995536698238E-6604,true postive
244,1570006,1571032,2.053954762490927850169510085E-1212,2.793111311247951317960550883E-1218,2.053951969379616602218192124E-1212,false postive
245,1571032,1571470,2.130724978110003188883127325E-517,1.307280690115332796934549476E-524,2.130724847381934177349847632E-517,true postive
246,1571470,1580377,4.633344684379620764446838580E-10552,1.087893182101409114874343622E-10598,4.633344684379620764446838580E-10552,false postive
247,1580377,1580595,1.174696989675307551769375169E-257,3.211546544279658199992496738E-263,1.174693778128763272111175177E-257,true postive
248,1580595,1590073,8.979673559931550102213255407E-11404,1.649087460697014237294667494E-11357,-1.649087460697014237294667494E-11357,true negative
249,1590073,1590942,3.201594772192099976473741541E-1043,1.733578255358722181607924787E-1059,3.201594772192099803115916005E-1043,true postive
250,1590942,1600981,2.996592993716807974901364051E-11996,3.392561931459419612976345618E-11994,-3.362596001522251533227331977E-11994,true negative
251,1600981,1601231,3.446434322512739902606070067E-297,2.970918815414326822712204664E-301,3.446137230631198469923798847E-297,true postive
252,1601231,1602391,9.278421355255741595797127302E-1390,1.805745933557713295033077039E-1389,-8.779037980321391354533643088E-1390,true negative
253,1602391,1602686,1.916668321419748185858562165E-348,2.986821240352574321481613624E-352,1.916369639295712928426414004E-348,true postive
254,1602686,1607898,1.098590105411459438828038211E-6206,4.746692144574946874257441086E-6220,1.098590105411411971906592462E-6206,false postive
255,1607898,1608243,7.424682250094841517134684978E-411,3.894999100176701686168906493E-415,7.424292750184823846966068087E-411,true postive
256,1608243,1623610,3.519408008306064617500738913E-18321,1.135351107971473511356165741E-18340,3.519408008306064617387203802E-18321,false postive
257,1623610,1625067,5.127157104875629182364368424E-1741,8.897257026614234473451257577E-1775,5.127157104875629182364368424E-1741,true postive
258,1625067,1631086,3.000356895540784602574100220E-7171,3.805916287983295399906611888E-7191,3.000356895540784602536041057E-7171,false postive
259,1631086,1633226,2.237351385764650003331099530E-2531,1.021776322695495815447975031E-2577,2.237351385764650003331099530E-2531,true postive
260,1633226,1634252,1.437838342151776454638097096E-1212,2.440220822855409538938294745E-1218,1.437835901930953599228558158E-1212,false postive
261,1634252,1634690,2.130724978110003188883127325E-517,1.307280690115332796934549476E-524,2.130724847381934177349847632E-517,true postive
262,1634690,1643593,5.453029107709115407559299501E-10549,9.099046300273232664105930531E-10596,5.453029107709115407559299501E-10549,false postive
263,1643593,1643811,1.174696989675307551769375169E-257,3.211546544279658199992496738E-263,1.174693778128763272111175177E-257,true postive
264,1643811,1655395,4.553070881932448423295399476E-13951,2.937823077200631431675587646E-13893,-2.937823077200631431675587646E-13893,true negative
265,1655395,1656231,5.846488392753170218488924646E-1002,1.727025342147631319167099949E-1016,5.846488392753152948235503170E-1002,true postive
266,1656231,1670756,1.151939697450081200495929456E-17360,1.041502046143394037348898642E-17357,-1.040350106445943956148402713E-17357,true negative
267,1670756,1671101,7.424682250094841517134684978E-411,3.894999100176701686168906493E-415,7.424292750184823846966068087E-411,true postive
268,1671101,1676885,2.914729926509800244200776102E-6913,3.090323979918318624316828770E-6911,-3.061176680653220621874821009E-6911,true negative
269,1676885,1678333,1.337704770167406468980424561E-1730,2.277713665866500410019941588E-1763,1.337704770167406468980424561E-1730,true postive
270,1678333,1685373,8.724889839460711331568183532E-8351,1.755647894279383630691947914E-8383,8.724889839460711331568183532E-8351,false postive
271,1685373,1685971,2.951691692150828778102041964E-709,2.761606890366598090425410562E-719,2.951691691874668089065382155E-709,true postive
272,1685971,1691767,1.248863702932582405116794888E-6835,3.598350234422751746878654255E-6880,1.248863702932582405116794888E-6835,false postive
273,1691767,1692063,4.233656881692881459280623927E-348,1.891719447776005328629123295E-353,4.233637964498403699227337636E-348,true postive
274,1692063,1709394,5.071292726006961730147460932E-20755,1.171347671441388992066960912E-20686,-1.171347671441388992066960912E-20686,true negative
275,1709394,1710582,1.483254156422286205749176314E-1417,4.736884291604104138198217651E-1455,1.483254156422286205749176314E-1417,true postive
276,1710582,1713639,2.882606337941292587560737580E-3613,5.007661245967451388204919868E-3620,2.882605837175167990815598760E-3613,false postive
277,1713639,1714141,1.642864626363541027398691670E-594,1.025170206012351131922055199E-604,1.642864626261024006797456557E-594,true postive
278,1714141,1821405,6.513787963094038427232966622E-128790,3.991147933371045314198677753E-128188,-3.991147933371045314198677753E-128188,true negative
279,1821405,1823272,8.925809498235675794353087939E-2237,2.740331929410051539803704077E-2299,8.925809498235675794353087939E-2237,true postive
280,1823272,1839958,3.549004136097193998314008374E-19755,1.514356719689951932179081677E-19791,3.549004136097193998314008374E-19755,false postive
281,1839958,1840601,8.674538972501160196184696749E-766,1.560836777560073348145112424E-783,8.674538972501160180576328973E-766,true postive
282,1840601,1850098,5.947189891607893946150528236E-11224,9.413578665405895430800577975E-11281,5.947189891607893946150528236E-11224,false postive
283,1850098,1851391,2.078747445280920462325912306E-1531,1.893455361912541384034369885E-1562,2.078747445280920462325912306E-1531,true postive
284,1851391,1859246,2.134588783212756039013655986E-9190,2.668859722978002517217508452E-9271,2.134588783212756039013655986E-9190,false postive
285,1859246,1859523,1.575769584463996620792328285E-328,6.455126520630963256341216120E-333,1.575705033198790311159764873E-328,true postive
286,1859523,1874715,2.424670592466076145476143904E-18101,3.641781415966843729378736316E-18137,2.424670592466076145476143904E-18101,false postive
287,1874715,1875015,3.912581119886180402124970073E-353,2.419178277558058146525013834E-359,3.912578700707902844066823548E-353,true postive
288,1875015,1875617,1.034387234436251227190788228E-704,4.581417533734980690903582747E-710,1.034382653018717492210097324E-704,false postive
289,1875617,1875877,3.570362873248527360726794115E-307,5.442822298672167441218609215E-312,3.570308445025540639052381929E-307,true postive
290,1875877,1886344,1.146137915412996148900674427E-12511,1.453910546240632890339662018E-12487,-1.453910546240632890339660872E-12487,true negative
291,1886344,1886870,5.827488428786231836892424856E-624,7.925845317920604818885778021E-633,5.827488420860386518971820037E-624,true postive
292,1886870,1896414,5.779668407611407572250668832E-11297,7.591532398979868293599614448E-11332,5.779668407611407572250668832E-11297,false postive
293,1896414,1896628,1.214504548544983021713756125E-252,7.835406974104357794192689519E-257,1.214426194475241978135814198E-252,true postive
294,1896628,1897581,4.461322430024313194103210352E-1122,6.463438515699986476564100753E-1126,4.460676086172743195455553942E-1122,false postive
295,1897581,1897786,1.102679694998474193133432384E-240,7.318698324369902198423832696E-245,1.102606508015230494111448146E-240,true postive
296,1897786,1910268,5.020184065047377320765849814E-14735,6.555383194090215256832811687E-14802,5.020184065047377320765849814E-14735,false postive
297,1910268,1913800,3.532965858452163558892561360E-4188,9.373951031587242212775864066E-4244,3.532965858452163558892561360E-4188,true postive
298,1913800,1935166,2.116918156633355950437234287E-25568,4.139018603159124013309345767E-25547,-4.139018603159124013307228849E-25547,true negative
299,1935166,1935452,1.076124554377051947148675504E-340,1.637588260807494312062742343E-349,1.076124552739463686341181192E-340,true postive
300,1935452,1950411,5.228151677678235172511327332E-17857,3.271670131203087644727699098E-17839,-3.271670131203087639499547420E-17839,true negative
301,1950411,1951479,1.006092146237074453406320627E-1272,3.427696294530908498274052211E-1307,1.006092146237074453406320627E-1272,true postive
302,1951479,1957046,1.888238236754499864569845968E-6544,3.636223533875197935843701658E-6585,1.888238236754499864569845968E-6544,false postive
303,1957046,1957386,2.019413767735406636043486838E-405,2.493332773220804155759790199E-412,2.019413518402129313963071262E-405,true postive
304,1957386,1959414,6.031248630845979370232853751E-2408,5.872075886436396495572303316E-2412,6.030661423257335730583296521E-2408,false postive
305,1959414,1959867,8.273282143315183299794336244E-540,1.188878000904651598112827340E-548,8.273282131426403290747820263E-540,true postive
306,1959867,1960942,2.698658297220693880026118878E-1255,4.554044663328521154276035989E-1266,2.698658297175153433392833666E-1255,false postive
307,1960942,1961148,1.114484262949060329998211064E-244,4.154811770730722992220413434E-247,1.110329451178329607005990651E-244,true postive
308,1961148,1961407,3.576173186524529621914502629E-299,2.135831687524516700445656655E-302,3.574037354837005105214056972E-299,false postive
309,1961407,1961850,5.344372067594775386976367546E-526,1.153996730952723112046038337E-533,5.344371952195102291704056341E-526,true postive
310,1961850,1974686,4.140757706229576907965592450E-15142,7.990881756171681721442374165E-15196,4.140757706229576907965592450E-15142,false postive
311,1974686,1974942,5.226211478376735000658859718E-302,3.423221764781699908824966863E-307,5.226177246159087183659771468E-302,true postive
312,1974942,1976123,2.383655532021879689789162583E-1390,1.154914943770973053001991865E-1392,2.372106382584169959259142664E-1390,false postive
313,1976123,1976628,1.007320750529146161537112138E-599,1.152747350486392886616506675E-613,1.007320750529134634063607274E-599,true postive
314,1976628,1981251,1.216071174890653493640802697E-5445,2.678338139712778762228340010E-5471,1.216071174890653493640802670E-5445,false postive
315,1981251,1983212,3.164453144525307486826796218E-2342,2.760182483078070586092203071E-2393,3.164453144525307486826796218E-2342,true postive
316,1983212,1990779,6.385952607587534583026171634E-9004,9.181173549816459713184914103E-9024,6.385952607587534582934359899E-9004,false postive
317,1990779,1991171,1.132443366201223814527060298E-467,2.810526708043862846287103393E-472,1.132415260934143375898597427E-467,true postive
